name,usdaid
Justino Annandale,1
Tom Punt,2
Dennie Ritchings,3
Sanford Fountaine,4
Francois O' Loughran,5
Lavena Anfusso,6
Greggory Crutcher,7
Virgie Romaint,8
Randal Giggs,9
Wolf Everly,10
Jephthah Thrush,11
Jeana Carillo,12
Lavena Janaud,13
Trace Greson,14
Carmelle Cadney,15
Mayor Chessor,16
Melodie Nolli,17
Crichton Monson,18
Caril Etchells,19
Margarita Kenafaque,20
Brenden Hazelby,21
Andras Schapiro,22
Edithe Breach,23
Zebulen Quilty,24
Leonhard Finden,25
Bennett Fairhead,26
Liuka Hemphall,27
Crysta De la Yglesias,28
Simone Venditto,29
Reed Abrashkov,30
Kip Itzkowicz,31
Kathleen Danford,32
Joaquin Lent,33
Marilee Ranson,34
Malissa Meacher,35
Kinny Hullins,36
Langston Hainey`,37
Ernestus Van,38
Davon Tinghill,39
Antoinette Gluyas,40
